{
  "n": 4000,
  "width": {
    "min": 180,
    "max": 6040,
    "median": 800.0,
    "p95": 1722.0
  },
  "height": {
    "min": 132,
    "max": 6192,
    "median": 680.0,
    "p95": 2048.0
  },
  "aspect": {
    "min": 0.334553058024046,
    "max": 3.367003367003367,
    "median": 1.0,
    "landscape_pct": 0.48275,
    "portrait_pct": 0.45525
  }
}