{
  "model": "zeroshot_siglip_b16_224_fixed",
  "temperature": 0.011883337177619241,
  "n_eval": 1568,
  "n_calib": 1570,
  "pre": {
    "ece": 0.40649017695846673,
    "mce": 0.40649017695846673
  },
  "post": {
    "ece": 0.035551427061670325,
    "mce": 0.1367582455459953
  }
}