{
  "model": "zeroshot_clip_vit_b16",
  "temperature": 0.011922559684066617,
  "n_eval": 1568,
  "n_calib": 1570,
  "pre": {
    "ece": 0.4091032490919688,
    "mce": 0.4091032490919688
  },
  "post": {
    "ece": 0.04983322214400722,
    "mce": 0.13702649574844444
  }
}