{
  "model": "efficientnet_v2_s_seed42",
  "temperature": 0.9829948433727276,
  "n_eval": 1568,
  "n_calib": 1570,
  "pre": {
    "ece": 0.05005396990443344,
    "mce": 0.27332876300575853
  },
  "post": {
    "ece": 0.041009521867687825,
    "mce": 0.2693676402328326
  }
}