{
  "model": "zeroshot_siglip_b16_224_buggy",
  "temperature": 0.6646970385804084,
  "n_eval": 1568,
  "n_calib": 1570,
  "pre": {
    "ece": 0.003243084335381244,
    "mce": 0.003243084335381244
  },
  "post": {
    "ece": 0.0024229580101491205,
    "mce": 0.0024229580101491205
  }
}