{
  "model": "dinov2_vitb14_linear_seed42",
  "temperature": 1.2186109085363526,
  "n_eval": 1568,
  "n_calib": 1570,
  "pre": {
    "ece": 0.05529288803669871,
    "mce": 0.18338209212210244
  },
  "post": {
    "ece": 0.042638037037878086,
    "mce": 0.1681893973547131
  }
}