{
  "model": "efficientnet_b2_seed42",
  "temperature": 0.8851479059410463,
  "n_eval": 1568,
  "n_calib": 1570,
  "pre": {
    "ece": 0.044662167199919285,
    "mce": 0.18964108072221217
  },
  "post": {
    "ece": 0.037687070808159036,
    "mce": 0.13191339891931475
  }
}