{
  "model": "efficientnet_b3_seed42",
  "temperature": 0.8666924966673167,
  "n_eval": 1568,
  "n_calib": 1570,
  "pre": {
    "ece": 0.06043567442995984,
    "mce": 0.17771525775537345
  },
  "post": {
    "ece": 0.046002440421739385,
    "mce": 0.12157872567022651
  }
}