{
  "model": "convnext_small_seed42",
  "temperature": 1.030272413944872,
  "n_eval": 1568,
  "n_calib": 1570,
  "pre": {
    "ece": 0.03921223657378747,
    "mce": 0.12051048425541229
  },
  "post": {
    "ece": 0.041058823650641174,
    "mce": 0.11268494054011907
  }
}