{
  "attr_only": {
    "accuracy": {
      "median": 0.28138942001274697,
      "ci_low": 0.26449968132568513,
      "ci_high": 0.29764181007010837
    },
    "macro_f1": {
      "median": 0.252060063007428,
      "ci_low": 0.23786868167004438,
      "ci_high": 0.26720781436641355
    },
    "balanced_accuracy": {
      "median": 0.2628919888071289,
      "ci_low": 0.24861142239858766,
      "ci_high": 0.27687698939632965
    }
  },
  "emb_only": {
    "accuracy": {
      "median": 0.7299235181644359,
      "ci_low": 0.7141411727214786,
      "ci_high": 0.7460165710643722
    },
    "macro_f1": {
      "median": 0.7199580720929638,
      "ci_low": 0.704677160384587,
      "ci_high": 0.7359032611125299
    },
    "balanced_accuracy": {
      "median": 0.7184785785566649,
      "ci_low": 0.7025732717753552,
      "ci_high": 0.7344054807963316
    }
  },
  "hybrid": {
    "accuracy": {
      "median": 0.737093690248566,
      "ci_low": 0.7217813894200128,
      "ci_high": 0.7530433397068196
    },
    "macro_f1": {
      "median": 0.7274769337897412,
      "ci_low": 0.712040226121242,
      "ci_high": 0.7434948185117354
    },
    "balanced_accuracy": {
      "median": 0.7242610318603564,
      "ci_low": 0.7093479070404117,
      "ci_high": 0.7405464344303374
    }
  }
}